series,star,name
1,Tenkai,Tir
2,Tenkai,Riou
3,Tenkai,Thomas
4,Tenkai,Razro
5,Tenkai,Freyjadour
1,Tengou,Lepant
3,Tengou,Sasarai
4,Tengou,Lino
5,Tengou,Raja
1,Tenki,Mathiu
2,Tenki,Shu
3,Tenki,Caesar
4,Tenki,Elenor
5,Tenki,Lucretia
1,Tenkan,Luc
2,Tenkan,Luc
3,Tenkan,Luc
4,Tenkan,Ted
5,Tenkan,Zerase
1,Tenyuu,Humphrey
2,Tenyuu,Humphrey
3,Tenyuu,Dupa
4,Tenyuu,Tal
5,Tenyuu,Craig
1,Tenyuu,Kasim
2,Tenyuu,Hauser
3,Tenyuu,Yuber
4,Tenyuu,Izak
5,Tenyuu,Galleon
1,Tenmou,Kwanda
2,Tenmou,Kiba
3,Tenmou,Shiba
4,Tenmou,Axel
5,Tenmou,Boz
1,Teni,Pesmerga
2,Teni,Pesmerga
3,Teni,Lucia
4,Teni,Selma
5,Teni,Nakula
1,Tenei,Gremio
2,Tenei,Sierra
3,Tenei,Yuiri
4,Tenei,Aldo
5,Tenei,Lyon
1,Tenei,Warren
2,Tenei,Teresa
3,Tenei,Salome
4,Tenei,Reinbach
5,Tenei,Talgeyl
1,Tenfu,Kun To
2,Tenfu,Nina
3,Tenfu,Jimba
4,Tenfu,Chiepoo
1,Tenman,Cleo
3,Tenman,Juan
4,Tenman,Paula
5,Tenman,Dinn
1,Tenko,Viktor
2,Tenko,Viktor
3,Tenko,Sgt. Joe
4,Tenko,Kika
5,Tenko,Kyle
1,Tenshou,Valeria
3,Tenshou,Hugo
4,Tenshou,Keneth
5,Tenshou,Zegai
1,Tenritsu,Griffith
2,Tenritsu,Fitcher
3,Tenritsu,Bazba
4,Tenritsu,Ramada
5,Tenritsu,Isato
1,Tenshou,Clive
2,Tenshou,Clive
3,Tenshou,Yun
4,Tenshou,Travis
5,Tenshou,Haswar
1,Tenan,Flik
2,Tenan,Flik
3,Tenan,Edge
4,Tenan,Snowe
5,Tenan,Belcoot
1,Tenyuu,Camille
2,Tenyuu,Tsai
3,Tenyuu,Yumi
4,Tenyuu,Rachel
5,Tenyuu,Norma
1,Tenkuu,Kreutz
2,Tenkuu,Jess
3,Tenkuu,Fubar
4,Tenkuu,Helga
5,Tenkuu,Ax
1,Tensoku,Stallion
2,Tensoku,Stallion
3,Tensoku,Nash
4,Tensoku,Cedric
5,Tensoku,Cathari
1,Teni,Kage
2,Teni,Georg
3,Teni,Aila
4,Teni,Keen
5,Teni,Georg
1,Tensatsu,Fu Su Lu
2,Tensatsu,Hanna
3,Tensatsu,Hallec
4,Tensatsu,Gau
1,Tenbi,Kirkis
2,Tenbi,Killey
3,Tenbi,Chris
4,Tenbi,Gretchen
5,Tenbi,Killey
1,Tenkyuu,Milich
2,Tenkyuu,Anita
3,Tenkyuu,Estella
4,Tenkyuu,Konrad
5,Tenkyuu,Shula
1,Tentai,Pahn
3,Tentai,Cecile
4,Tentai,Jewel
5,Tentai,Shoon
1,Tenju,Sonya
2,Tenju,Nanami
3,Tenju,Geddoe
4,Tenju,Katarina
5,Tenju,Bernadette
1,Tenken,Anji
2,Tenken,Rina
3,Tenken,Melville
4,Tenken,Lo Seng
5,Tenken,Volga
1,Tenhei,Tai Ho
2,Tenhei,Tai Ho
3,Tenhei,Ace
4,Tenhei,Shiramine
5,Tenhei,Lance
1,Tenzai,Kanak
2,Tenzai,Eilie
3,Tenzai,Alanis
4,Tenzai,Lo Fong
5,Tenzai,Wasil
1,Tenson,Yam Koo
2,Tenson,Yam Koo
3,Tenson,Queen
4,Tenson,Ugetsu
5,Tenson,Flail
1,Tenpai,Leonardo
2,Tenpai,Bolgan
3,Tenpai,Elliot
4,Tenpai,Lo Hak
5,Tenpai,Orok
1,Tenrou,Hix
2,Tenrou,Hix
3,Tenrou,Franz
4,Tenrou,Rakgi
5,Tenrou,Yoran
1,Tensui,Tengaar
2,Tensui,Tengaar
3,Tensui,Iku
4,Tensui,Rikie
5,Tensui,Nick
1,Tenbou,Varkas
2,Tenbou,Freed
3,Tenbou,Scott
4,Tenbou,Jango
5,Tenbou,Wilhelm
1,Tenkoku,Sydonia
2,Tenkoku,Yoshino
3,Tenkoku,Ernie
4,Tenkoku,Brec
5,Tenkoku,Mueller
1,Tenkou,Eileen
2,Tenkou,Chaco
3,Tenkou,Dios
4,Tenkou,Flare
5,Tenkou,Toma
